[
    {
        "key": "dbln",
        "value": "%7B%22100004283197641%22%3A%22RuvqHUZM%22%2C%2261577632893256%22%3A%221zzwjepK%22%2C%22100004146368712%22%3A%22H9SlPWUN%22%7D",
        "domain": "facebook.com",
        "path": "/login/device-based/",
        "hostOnly": false,
        "creation": "2025-12-19T07:20:43.397Z",
        "lastAccessed": "2025-12-19T07:20:43.397Z"
    },
    {
        "key": "datr",
        "value": "_sU-aZNIVz7JtLGcRDUziNei",
        "domain": "facebook.com",
        "path": "/",
        "hostOnly": false,
        "creation": "2025-12-19T07:20:43.397Z",
        "lastAccessed": "2025-12-19T07:20:43.397Z"
    },
    {
        "key": "sb",
        "value": "_sU-aTQdC_Le3BOYS9V9kDgW",
        "domain": "facebook.com",
        "path": "/",
        "hostOnly": false,
        "creation": "2025-12-19T07:20:43.397Z",
        "lastAccessed": "2025-12-19T07:20:43.397Z"
    },
    {
        "key": "vpd",
        "value": "v1%3B688x360x2.5506443977355957",
        "domain": "facebook.com",
        "path": "/",
        "hostOnly": false,
        "creation": "2025-12-19T07:20:43.397Z",
        "lastAccessed": "2025-12-19T07:20:43.397Z"
    },
    {
        "key": "ps_l",
        "value": "1",
        "domain": "facebook.com",
        "path": "/",
        "hostOnly": false,
        "creation": "2025-12-19T07:20:43.397Z",
        "lastAccessed": "2025-12-19T07:20:43.397Z"
    },
    {
        "key": "ps_n",
        "value": "1",
        "domain": "facebook.com",
        "path": "/",
        "hostOnly": false,
        "creation": "2025-12-19T07:20:43.397Z",
        "lastAccessed": "2025-12-19T07:20:43.397Z"
    },
    {
        "key": "locale",
        "value": "en_GB",
        "domain": "facebook.com",
        "path": "/",
        "hostOnly": false,
        "creation": "2025-12-19T07:20:43.397Z",
        "lastAccessed": "2025-12-19T07:20:43.397Z"
    },
    {
        "key": "pas",
        "value": "100004283197641%3AQToUaRMntz%2C61577632893256%3AFynRetmxK3%2C100004146368712%3ANcrS6adFZi",
        "domain": "facebook.com",
        "path": "/",
        "hostOnly": false,
        "creation": "2025-12-19T07:20:43.397Z",
        "lastAccessed": "2025-12-19T07:20:43.397Z"
    },
    {
        "key": "dpr",
        "value": "2.5506443977355957",
        "domain": "facebook.com",
        "path": "/",
        "hostOnly": false,
        "creation": "2025-12-19T07:20:43.397Z",
        "lastAccessed": "2025-12-19T07:20:43.397Z"
    },
    {
        "key": "m_pixel_ratio",
        "value": "2.5506443977355957",
        "domain": "facebook.com",
        "path": "/",
        "hostOnly": false,
        "creation": "2025-12-19T07:20:43.397Z",
        "lastAccessed": "2025-12-19T07:20:43.397Z"
    },
    {
        "key": "wd",
        "value": "360x820",
        "domain": "facebook.com",
        "path": "/",
        "hostOnly": false,
        "creation": "2025-12-19T07:20:43.397Z",
        "lastAccessed": "2025-12-19T07:20:43.397Z"
    },
    {
        "key": "c_user",
        "value": "100004283197641",
        "domain": "facebook.com",
        "path": "/",
        "hostOnly": false,
        "creation": "2025-12-19T07:20:43.397Z",
        "lastAccessed": "2025-12-19T07:20:43.397Z"
    },
    {
        "key": "xs",
        "value": "3%3Az6EVYzr7A1gh_g%3A2%3A1766128798%3A-1%3A-1",
        "domain": "facebook.com",
        "path": "/",
        "hostOnly": false,
        "creation": "2025-12-19T07:20:43.397Z",
        "lastAccessed": "2025-12-19T07:20:43.397Z"
    },
    {
        "key": "fr",
        "value": "0sAzP29aFLiuJOZJt.AWd1BzVmIXM_Hz3Jr7Cf-ZBckdLTZAR3wIERxn69KA9EGfRBMLM.BpQZsq..AAA.0.0.BpRPyh.AWeATDbibVoUe738RH1MPMZSm-E",
        "domain": "facebook.com",
        "path": "/",
        "hostOnly": false,
        "creation": "2025-12-19T07:20:43.397Z",
        "lastAccessed": "2025-12-19T07:20:43.397Z"
    },
    {
        "key": "fbl_st",
        "value": "101516954%3BT%3A29435480",
        "domain": "facebook.com",
        "path": "/",
        "hostOnly": false,
        "creation": "2025-12-19T07:20:43.397Z",
        "lastAccessed": "2025-12-19T07:20:43.397Z"
    },
    {
        "key": "wl_cbv",
        "value": "v2%3Bclient_version%3A3023%3Btimestamp%3A1766128801",
        "domain": "facebook.com",
        "path": "/",
        "hostOnly": false,
        "creation": "2025-12-19T07:20:43.397Z",
        "lastAccessed": "2025-12-19T07:20:43.397Z"
    }
]